Id,Affirmation
1,Embracing self-care is a profound act of self-love.
2,Resilience grows in the face of adversity.
3,"Each day I discover new facets of my strength."
4,"My spirit remains unbroken no matter the challenge."
5,"The journey may be tough but so am I."
6,"In my vulnerability I find my true power."
7,"Every step no matter how small is progress."
8,My worth is not defined by my physical abilities.
9,Inner peace is my greatest ally.
10,"I am surrounded by love even on my hardest days."
11,"Healing is a journey not a destination."
12,Courage is the heart’s silent roar.
13,Each breath brings me closer to peace.
14,I honor my body’s wisdom and signals.
15,Strength comes from facing each day with hope.
16,My journey is a testament to my resilience.
17,"I am deserving of compassion from myself and others."
18,"In every challenge I find a hidden strength."
19,My spirit is a wellspring of courage.
20,I trust in my ability to adapt and thrive.
21,Patience with myself is a powerful form of love.
22,Each moment is an opportunity for healing.
23,I am proud of my journey and my growth.
24,Love and support are my anchors in the storm.
25,I choose to focus on what I can achieve today.
26,My heart is a reservoir of strength and resilience.
27,I am worthy of all the good life has to offer.
28,Every day is a new chapter in my story of strength.
29,My spirit shines brightest in times of challenge.
30,I am grateful for the support and love that surrounds me.
31,Each day brings new opportunities to thrive.
32,I embrace my journey with courage and grace.
33,My strength is a beacon for others.
34,Hope is my constant companion.
35,I find peace in accepting my journey as it is.
36,Every breath is a step towards healing.
37,"I am resilient even when it feels difficult."
38,My spirit is a source of endless strength.
39,I honor my body by listening to its needs.
40,Every challenge is an opportunity to grow.
41,My worth is inherent and unchanging.
42,I am surrounded by love and positive energy.
43,"My journey is unique and I embrace it fully."
44,Inner peace comes from embracing the present moment.
45,"I am proud of my progress no matter how small."
46,My strength lies in my unwavering spirit.
47,I am deserving of rest and relaxation.
48,"Every day I am growing stronger and wiser."
49,"My spirit is unyielding no matter the obstacles."
50,I am a source of strength and inspiration for others.
51,I choose to focus on my capabilities and strengths.
52,My journey is filled with moments of grace.
53,I find peace in the present moment.
54,My spirit is resilient and unbreakable.
55,I choose hope and positivity every day.
56,My strength comes from within.
57,"I am surrounded by love even when times are tough."
58,I am proud of my journey and the person I am becoming.
59,My body is capable of healing and thriving.
60,I honor my journey by embracing each moment.
61,I am a beacon of hope and resilience.
62,My spirit is a testament to my courage.
63,I choose to live with joy and gratitude.
64,Every challenge faced is a victory in itself.
65,My worth is not measured by my illness.
66,I am grateful for the love and support I receive.
67,My journey is a testament to my strength and resilience.
68,"I am worthy of kindness from myself and others."
69,My spirit is a source of light and strength.
70,I embrace each day with hope and determination.
71,I am deserving of all the love and care I receive.
72,"My journey is unique and I honor it fully."
73,I find strength in vulnerability and authenticity.
74,I embrace my limitations with grace and patience.
75,Every breath brings me closer to healing.
76,"I am worthy of kindness from myself and others."
77,My inner light shines through every challenge.
78,I choose to focus on what I can control.
79,Gratitude helps me find peace in every moment.
80,I am a beacon of strength and resilience.
81,My spirit is stronger than any obstacle.
82,I am surrounded by love and positivity.
83,I am proud of the progress I make each day.
84,My body is a vessel of strength and perseverance.
85,I cultivate inner peace through mindfulness.
86,My journey is a testament to my courage and resilience.
87,I embrace each day with hope and determination.
88,I am worthy of taking time for myself.
89,My strength lies in my unwavering spirit.
90,I am grateful for the support and love around me.
91,Each day is a new opportunity to grow stronger.
92,I honor my body’s needs and limitations.
93,My journey is filled with moments of grace.
94,I find peace in the present moment.
95,My spirit is resilient and unyielding.
96,I choose to focus on my strengths and abilities.
97,I am deserving of all the good that comes my way.
98,My inner strength is my greatest asset.
99,I embrace my journey with an open heart.
100,Every day is a testament to my resilience and strength.
